source_id,company,cnpj,phone,city,state,region,country,address,neighborhood,contact,sector
143,ACO-BRAS INDUSTRIA E COMERCIO LTDA,04.883.969/0001-09,85-38781301,FORTALEZA,CE,NE,BR,RUA DEOCLECIANO CAVALCANTE 99,AEROPORTO,,NE
465,ANGELUCE HOLANDA BARROSO - ME,10.291.992/0001-07,85-3472-7602,FORTALEZA,CE,NE,BR,AV. CONSELHEIRO GOMES DE FREITAS 5000,SAPIRANGA,,NE
726,APIGUANA MAQUINAS E FERRAMENTAS LTDA,07.240.450/0001-09,3255-4111,FORTALEZA,CE,NE,BR,AV. DUQUE DE CAXIAS 901,CENTRO DE FORTALEZA,,NE
735,AR COMERCIO DE MADEIRAS LTDA,04.976.100/0001-09,85-3276-8276,EUSÉBIO,CE,NE,BR,AV EUSEBIO DE QUEIROZ 500,COACU,,NE
857,AURIPECAS AURILO PECAS LTDA,07.992.142/0001-21,85-4008-9000,FORTALEZA,CE,NE,BR,AV.PRESIDENTE CASTELO BRANCO 3782,CARLITO PAMPLONA,,NE
1043,BARJUD INDUSTRIA DE CONFECÇOES LTDA,01.958.192/0001-06,85-3262-3484,FORTALEZA,CE,NE,BR,AV. ENG. ALBERTO SA 540,PAPICU,,NE
1120,BOMACHE IND. E COM. DE ETIQUETAS LTDA,04.618.759/0001-93,85-3444-7029,FORTALEZA,CE,NE,BR,RUA DUARTE DA COSTA 393,MESSEJANA,,NE
1197,C & L INDUSTRIA DE PLASTICO LTDA,02.005.599/0001-81,85-3297-2199,MARACANAÚ,CE,NE,BR,AV PARQUE NORTE I 484,DISTRITO INDUSTRIAL,,NE
1216,C. ROLIM ENGENHARIA LTDA,35.094.382/0001-44,85-3242-6412,FORTALEZA,CE,NE,BR,RUA PEDRO BORGES 20,CENTRO DE FORTALEZA,,NE
1360,CARROPEL CARROCERIAS PERY IND COM REP LT,73.554.537/0001-77,85-34973200,FORTALEZA,CE,NE,BR,AV.GAL.OSORIO DE PAIVA 4500,CANINDEZINHO,,NE
1394,CAVALCANTE CAMELO FABRICA DE CAMAS LTDA ME,12.528.134/0001-69,85-3260-3318,EUSÉBIO,CE,NE,BR,"AV  EUSEBIO DE QUEIROZ, 6420",LAGOINHA,,NE
1551,CIALNE INDUSTRIA DE ALIMENTOS S.A.,11.072.849/0001-97,85-3477-2700,TERESINA,PI,NE,BR,ROD. BR 316 S/N,ZONA RURAL,,NE
1892,CONSORCIO MARQUISE/EIT,11.634.620/0001-07,88-3614-5881,SOBRAL,CE,NE,BR,"AV.JOHN SANFORD, 1500",JUNCO,,NE
1941,CONSTRUTORA MENDONCA AGUIAR LTDA,09.473.513/0001-94,85-3133-4437,FORTALEZA,CE,NE,BR,RUA VICENTE LINHARES 500,ALDEOTA,,NE
2043,CRISTIANE SABINO DA SILVA,01.302.854/0001-95,3463-2359,MARACANAÚ,CE,NE,BR,"RUA SAO RAIMUNDO, 131",PARQUE NOVO MONDUBIM,,NE
2162,DE UM TUDO COMERCIAL LTDA,03.357.261/0001-51,85-32562888,FORTALEZA,CE,NE,BR,AV LUCIANO CARNEIRO 721,FATIMA,,NE
2199,DESING INOX IND E COM DE PROD EM METAL,02.693.601/0001-52,85-3276-7938,FORTALEZA,CE,NE,BR,"RUA MANOEL ARRUDA, 1315",BARROSO,,NE
2227,DIEGO DE SOUZA DOI - ME,11.072.882/0001-17,85-3484-0477,FORTALEZA,CE,NE,BR,AV. AUGUSTO DOS ANJOS 1800,BOM SUCESSO,,NE
2359,DURAMETAL S/A,07.041.007/0001-09,85-4008-0400,MARACANAÚ,CE,NE,BR,AV PARQUE NORTE II 170,DISTRITO INDUSTRIAL,,NE
2391,E.V. ALBUQUERQUE METALURGICA,05.686.460/0001-39,85-3285-2101,CAUCAIA,CE,NE,BR,"ROD. BR. 222, 8417",PARQUE TABAPUA,,NE
2395,EBESA-EMPRESA BRAS. DE EQUIPAMENTOS S/A,23.560.717/0001-93,85-3236.1744,PACAJUS,CE,NE,BR,"ROD. BR 116, KM48 S/N",CENTRO DE PACAJUS,,NE
2683,ESPLANADA CONFEC. DO NORD. S/A ESPLANORD,07.155.310/0001-24,85-3288-2100,JIJOCA,CE,NE,BR,"AV. SARGENTO HERMINIO SAMPAIO, 3000",CENTRO,,NE
2799,F. BENICIO DE HOLANDA & CIA LTDA,06.599.211/0001-79,85-3226-3883,FORTALEZA,CE,NE,BR,"RUA VISCONDE SABOIA, 130",CENTRO DE FORTALEZA,,NE
2812,F. ESPEDITO VASCONCELOS EPP,41.563.396/0001-62,88-3664-1443,MARCO,CE,NE,BR,AV PREFEITO GUIDO OSTERNO 000,BARRO VERMELHO,,NE
3550,FRIOCEARA ARMAZEM FRIGORIFICOS LTDA,63.303.887/0001-07,85-34633333,MARACANAÚ,CE,NE,BR,RODOVIA QUARTO ANEL VIARIO S/N,DISTRITO INDUSTRIAL,,NE
3645,GEOBRASIL   LTDA,03.550.181/0001-18,3244-46.-46,FORTALEZA,CE,NE,BR,AV. SANTOS DUMONT 1740,CENTRO DE FORTALEZA,,NE
3811,GRENDENE S/A - MATRIZ,89.850.341/0001-60,88-3112-2999,SOBRAL,CE,NE,BR,"AV. PIMENTEL  GOMES, 214",EXPECTATIVA,,NE
3857,HNR NORDESTE COMPONETES INDUST. LTDA,07.580.546/0001-08,3878-7450,MARACANAÚ,CE,NE,BR,RUA CENTRAL 222,DISTRITO INDUSTRIAL,,NE
3921,HOPE NORDESTE LTDA,03.007.414/0001-30,85-30893000,MARANGUAPE,CE,NE,BR,RUA ARGEU BRAGA HERBSTER 610,CENTRO DE MARANGUAPE,,NE
4056,IND. METALURGICA DE CARLITO PAMPLONA LTDA,07.945.637/0001-08,3228-3455,FORTALEZA,CE,NE,BR,RUA FCO CALAÇA 1045,CRISTO REDENTOR,,NE
4163,ISOPLAST IND. E COM. DE PLASTICOS LTDA,72.273.436/0001-65,85-3215-2633,MARACANAÚ,CE,NE,BR,AV.PRQ COMERCIAL 251,PAJUCARA,,NE
4353,J.M. ZANATTA  CIA LTDA,92.366.442/0003-36,85-3064-0954,MARACANAÚ,CE,NE,BR,"ROD. CE 060, KM 08 08",TIMBÓ,,NE
5189,L.F COMERCIO E REPRESENTAÇÕES LTDA,04.490.623/0001-40,85-3257-9170,FORTALEZA,CE,NE,BR,RUA ADOLFO QUIXADA 41A,AEROLANDIA,,NE
5243,LDB TRANSPORTES DE CARGAS LTDA,09.411.448/0001-72,85 4012-5105,ITAITINGA,CE,NE,BR,RODOVIA FEDERAL BR 116 S/N,JABOTI,,NE
5283,LIGHT TRANSPORTES LTDA,05.111.990/0001-59,85-3250-2670,FORTALEZA,CE,NE,BR,RUA PAULO AMARAL 169,PEDRAS,,NE
5487,M M ALUMINIO IND E COM LTDA,08.229.161/0001-63,85-3293-1522,MARACANAÚ,CE,NE,BR,"RUA PAULO BATISTA, 266",PAJUÇARA,,NE
5625,MADEIREIRA MARINHO LTDA,05.152.740/0001-67,3498-5177,FORTALEZA,CE,NE,BR,"AV GAL OSORIO DE PAIVA, 7815",PARQUE SAO JOSE,,NE
5737,MARCIA SILVA NEVES CARNEIRO ME,02.047.533/0001-54,88-3664-1534,MARCO,CE,NE,BR,CE 179 S/N,DISTRITO INDUSTRIAL,,NE
6106,MELDICA IND E COM PROD NATUR E ALIM LTDA,03.615.680/0001-46,88-3561-2083,ICO,CE,NE,BR,"RUA FRANCISCO MORAES MOREIRA, 110",CONJUNTO CIDADE NOVA,,NE
6140,METALURGICA BRASIL IND.E COM. LTDA,11.059.565/0001-60,85-3260-0400,EUSÉBIO,CE,NE,BR,"AV. JOSÉ AMORA SA, 1320",DISTRITO INDUSTRIAL,,NE
6142,METALURGICA ENOCK JAIME DE MOURA LTDA,02.785.462/0001-97,85-3237-5555,CAUCAIA,CE,NE,BR,"ROD BR 020, KM 02 3471",PARQUE POTIRA,,NE
6200,MK INDUSTRIA E COMERCIO DE MOVEIS LTDA,01.580.913/0001-97,85-3290-2103,FORTALEZA,CE,NE,BR,"RUA NOEL ROSA, 427",HENRIQUE JORGE,,NE
6211,MOBILECOMM COMERCIO E SERVIÇOS LTDA ME,07.687.329/0001-11,85-3224-8690,FORTALEZA,CE,NE,BR,"AV. WASHINGTON SOARES, 2261",EDSON QUEIROZ,,NE
6219,MOISES DE SOUSA LIMA EPP - ME,73.909.202/0001-24,85-3273-2065,FORTALEZA,CE,NE,BR,RUA CIDADE ECOLÓGICA 837,EDSON QUEIROZ,,NE
44,A. FERREIRA IND. COM. E EXP LTDA,08.564.981/0001-01,84-33182365,MOSSORO,RN,NE,BR,RODOVIA BR 304 S/N,DISTRITO INDUSTRIAL,,NE
140,AÇO FORTE MÓVEIS E EQUIP. S/A,13.691.690/0001-14,85-3391-7400,MARACANAÚ,CE,NE,BR,VIA DE LIGAÇÃO I S/N,DISTRITO INDUSTRIAL,,NE
408,ANA C. D. CARDOSO DOS SANTOS - ME,09.056.067/0001-12,85 3496-8458,FORTALEZA,CE,NE,BR,RUA DIOGO CORREIA 262,JOAO XXIII,,NE
441,ANDRADE E ROCHA LTDA EPP,72.263.163/0001-78,85-3290-4049,FORTALEZA,CE,NE,BR,RUA ALUISIO AZEVEDO 379,PARANGABA,,NE
683,ANTONIO RENATO DUARTE DE MOURA LTDA,72.320.146/0001-25,85-3471- 2739,CAUCAIA,CE,NE,BR,MP DE CAUCAIA 459,ARATURI,,NE
725,APIGUANA MAQUINAS E FERRAMENTAS,07.240.450/0008-77,85-3255 4111,FORTALEZA,CE,NE,BR,AV.DUQUE DE CAXIAS 959,CENTRO DE FORTALEZA,,NE
806,ASFALTO NORDESTE LTDA,01.791.741/0001-09,85-3311 2844,MARACANAÚ,CE,NE,BR,AV. PARQUE SUL 1998,DISTRITO INDUSTRIAL,,NE
1059,BEATRIZ TÊXTIL S/A,23.464.852/0001-35,85-3463-2013,MARACANAÚ,CE,NE,BR,VIA DE PENETRAÇÃO 4 430,DISTRITO INDUSTRIAL,,NE
1104,BIOMATIKA IND. E COM. DE PROD.  NATURAIS,07.801.309/0001-20,85-32601384,EUSÉBIO,CE,NE,BR,"AV.EUSEBIO DE QUEIROZ, 4969",CENTRO DE EUSEBIO,,NE
1244,CAIO CESAR OSTERNO NEVES - EPP,07.832.280/0001-43,88-3664-1303,MARCO,CE,NE,BR,LOGRADOURO MARCO S/N,GADO BRAVO,,NE
1476,CERAMICA BRASILEIRA CERBRAS LTDA,35.029.057/0001-06,85-3499-1100,MARACANAÚ,CE,NE,BR,RODOVIA QUARTO ANEL VIARIO 1333,DISTRITO INDUSTRIAL,,NE
1547,CIA. DE OLEOS DO NORDESTE - CIONE,07.199.490/0002-27,85 3235-6022,CHOROZINHO,CE,NE,BR,ROD. CE 122 S/N,FAZENDA URUANAN,,NE
1723,COMERCIAL DE MADEIRA SAFRA LTDA,12.312.872/0001-74,3495-1919,FORTALEZA,CE,NE,BR,RUA NEREU RAMOS 234,PARANGABA,,NE
1887,CONSORCIO CONSTRUTOR QGCC,03.147.763/0001-58,85-3482-2468,FORTALEZA,CE,NE,BR,AV LUCIANO CARNEIRO 1350,PARREIRÃO,,NE
1967,COOP.CENTRAL DOS PROD.DE ALG E ALIM LTDA,07.039.472/0001-05,85 3296-2100,FORTALEZA,CE,NE,BR,"AV. PRESIDENTE COSTA E SILVA , 978",MONDUBIM,,NE
2012,CPN CHAPAS PERFURADAS DO NORDESTE LTDA,02.535.927/0001-51,85 3341-3373,MARANGUAPE,CE,NE,BR,"RUA CHICO ANISIO, 200",CENTRO DE MARANGUAPE,,NE
2085,INDUSTRIAL D.ARAGAO PVC E ACO LTDA,07.801.384/0001-90,85-3293-1202,MARACANAÚ,CE,NE,BR,"AV. PARQUE LESTE, 900",DISTRITO INDUSTRIAL,,NE
2129,DANIEL TRANSPORTES LTDA,09.487.141/0001-55,85-3052-4000,FORTALEZA,CE,NE,BR,RUA JARDIM BOTANICO 2095,ANCURI,,NE
2171,DELFA IND. E COM. DE ACES. DO VEST. LTDA,06.037.585/0001-09,85-3366-0777,MARACANAÚ,CE,NE,BR,"AV. PARQUE SUL , 1798",DISTRITO INDUSTRIAL,,NE
2209,DI ANGELI CONFECCOES LTDA,41.303.793/0001-03,85-3483-4460,FORTALEZA,CE,NE,BR,"RUA NEREU RAMOS, 823",VILA PERI,,NE
2679,ESMALTEC S/A,02.948.030/0002-30,3299-8777,MARACANAÚ,CE,NE,BR,AV. PARQUE OESTE 2130,DISTRITO INDUSTRIAL,,NE
2843,F.E. MOREIRA JUNIOR - ME,10.157.662/0001-23,85-3243-1872,FORTALEZA,CE,NE,BR,RUA PROF. ANACLETO 576,PARQUELANDIA,,NE
2877,REALEZA INDUSTRIA  E COMERCIO DE ALIMENTOS LTDA,05.096.840/0001-13,85-3285-1093,CAUCAIA,CE,NE,BR,"RUA PADRE CICERO, 3801",CENTRO DE CAUCAIA,,NE
2925,FACEPA FABRICA DE PAPEL DA AMAZONIA S.A,04.909.479/0005-68,85-4011-8505,MARACANAÚ,CE,NE,BR,"AV. PARQUE SUL, 1646",DISTRITO INDUSTRIAL,,NE
2997,FERNANDO G DE CASTRO GURGEL DO AMARAL ME,03.367.913/0001-39,85-3229-0193,FORTALEZA,CE,NE,BR,RUA JOSE HIPOLITO 1900,MESSEJANA,,NE
3006,FERRALPI FERROS ALUM. E PECAS INOX LTDA,35.000.124/0001-51,3478-1414,FORTALEZA,CE,NE,BR,AV. MISTER HULL 3556,ANTONIO BEZERRA,,NE
3046,FLOEMA INDUSTRIA DE PROD. NATURAIS LTDA,69.366.433/0001-61,85-3260-3898,AQUIRAZ,CE,NE,BR,LOTEAMENTO  VILLAGE DO EUSEBIO S/N,PINDOBA,,NE
3118,SERIAGRAFICA SERVICOS GRAFICOS LTDA - EPP,03.819.340/0001-37,85-3392-43-71,FORTALEZA,CE,NE,BR,"AV. VISCONDE DO RIO BRANCO, 2543",JOSE BONIFACIO,,NE
3268,FRANCISCO DE ASSIS GOMES,02.667.304/0001-32,85-8895-4601,FORTALEZA,CE,NE,BR,RUA CAPITAO ARAGAO 933,ALTO DA BALANÇA,,NE
3553,FROSTY PRODUTOS ALIMENTICIOS LTDA,35.229.640/0001-52,3289-2900,MARACANAÚ,CE,NE,BR,"AV PARQUE SUL, 2600",DISTRITO INDUSTRIAL,,NE
3726,GLASSTEC COMERCIO DE VIDROS LTDA,04.766.210/0001-46,85-3253-0280,FORTALEZA,CE,NE,BR,RUA PRINCESA ISABEL 608,CENTRO DE FORTALEZA,,NE
3747,GM5 INDUSTRIA E COMERCIO LTDA,10.963.262/0002-96,85-3499-0201,FORTALEZA,CE,NE,BR,"AV. N, 278",JOSE WALTER,,NE
4037,IND DE ALUMINIO VITORIA LTDA,05.951.029/0001-72,85-3014-1910,MARACANAÚ,CE,NE,BR,RUA JOVENCIO PORFIFRIO SALES 544,ESPLANADA NOVO MONDUBIM,,NE
4161,ISOFARMA INDUSTRIAL FARMACEUTICA LTDA,02.281.006/0001-00,85-3476 9108,EUSÉBIO,CE,NE,BR,RUA MANOEL MAVIGNIER 500,CENTRO DE EUSEBIO,,NE
4346,J.L.  MAUS  & CIA. LTDA,02.724.729/0001-36,85-3341-3988,MARANGUAPE,CE,NE,BR,"AV. JOAQUIM LOPES ABREU, 2699",MARANGUAPE,,NE
5274,LIBRA LIGAS DO BRASIL S/A,10.500.221/0001-82,31989962,BANABUIU,CE,NE,BR,ROD. CE 113 S/N,CENTRO DE BANABUIU,,NE
5290,LIMA TRANSPORTE LTDA,06.890.941/0003-96,85-4006-5623,TERESINA,PI,NE,BR,AV. DEP. PAULO FERRAZ S/N,CONTORNO,,NE
5355,LPM BENEFIC. E COM. DE PECAS DE AÇO LTDA,07.707.223/0001-32,85-3474-6868,FORTALEZA,CE,NE,BR,"RUA BARAO DE AQUIRAZ, 1375/2A",MESSEJANA,,NE
5357,LR COMERCIO DE MADEIRAS LTDA,00.981.268/0001-51,32164944,FORTALEZA,CE,NE,BR,"AV. WASHINGTON SOARES, 4700",SAPIRANGA,,NE
5677,MANOEL PORTELA DE SOUSA - ME,07.227.081/0001-06,3290-3261,FORTALEZA,CE,NE,BR,"AV. SENADOR FERNANDES TAVORA, 1982",HENRIQUE JORGE,,NE
6136,METALMECANICA MAIA LTDA.,01.397.886/0001-11,3260 7070,EUSÉBIO,CE,NE,BR,"RODOVIA CE 040 , S/N",COACU,,NE
6138,METALNOX IND. COMERCIO E SERV. LTDA,00.176.796/0001-38,85-3273-1603,FORTALEZA,CE,NE,BR,"AV. PINTO BANDEIRA, 624",LUCIANO CAVALCANTE,,NE
6139,METALURGICA APICOLA METAL INOX LTDA,08.643.471/0001-20,85-3463-0571,MARACANAÚ,CE,NE,BR,"RUA FROTA , 402",PLANALTO CIDADE NOVA,,NE
6148,METALVI  - IND. E COM. DE FERRAGENS LTDA,41.468.711/0001-72,85-3275-1551,ITAITINGA,CE,NE,BR,"AV. C, 25",JABUTI,,NE
52,A. SILVEIRA COM. E REPRESENTAÇOES LTDA,11.769.239/0001-47,085-3491-5266,FORTALEZA,CE,NE,BR,RUA ALAN KARDEC 1279,MONTESE,,NE
116,ABAFORM INFORMATICA COM. E SERVICOS LTDA,01.886.693/0001-24,85-3223-5252,FORTALEZA,CE,NE,BR,AV. BEZERRA DE MENEZES 368,FARIAS BRITO,,NE
745,ARAUJO INDUSTRIAL DE CONFECCOES LTDA,00.092.082/0001-41,85-4005-2550,FORTALEZA,CE,NE,BR,RUA MONSENHOR HIPOLITO BRASIL 1200,JOCKEY CLUB,,NE
863,AURORENSE TINTAS LTDA,03.935.998/0001-04,85 3226-0820,FORTALEZA,CE,NE,BR,AV. FRANCISCO SÁ 4234,CARLITO PAMPLONA,,NE
1264,CAMOL CONSTRUÇÃO E MONTAGEM IND. LTDA,08.828.445/0001-76,3273-6344,FORTALEZA,CE,NE,BR,"RUA FCO JOSE ALBUQUERQUE PEREIRA, 412",CAJAZEIRAS,,NE
1283,CARFORT - CARROCERIAS FORTE LTDA,41.566.852/0001-28,85-3260-1831,EUSÉBIO,CE,NE,BR,RUA SAO JOSE 3117,ENCANTADA,,NE
1398,CDM - COM. DIST. DE MAQUINAS E MAT. LTDA,07.434.555/0001-90,85-3252-8799,FORTALEZA,CE,NE,BR,AV. AGUANAMBI 1479,FATIMA,,NE
2165,DEIB OTOCH S/A,04.735.457/0001-03,85-4012- 2300,FORTALEZA,CE,NE,BR,AV. DR. THEBERG 2759,ALVARO WEYNE,,NE
2232,DIFUSO COMERCIO DE PARAFUSOS LTDA,41.436.015/0001-84,,FORTALEZA,CE,NE,BR,ROD. BR 116 (ROD. SANTOS DUMONT) 6335,AEROLANDIA,,NE
2299,DIVULCART PROPAGANDA LTDA,63.479.984/0001-55,85-4011-2607,FORTALEZA,CE,NE,BR,RUA THEBERGE 2059,ALVARO WEYNE,,NE
2349,DUCOCO PRODUTO ALIMENTICIOS LTDA,09.426.032/0001-28,88 3631-5800,ITAPIPOCA,CE,NE,BR,AV ANASTACIO BRAGA 2776,CACIMBA,,NE
2442,EDITORA CELIGRAFICA FOTOLITO LTDA,07.646.938/0001-22,85-3464-3323,FORTALEZA,CE,NE,BR,"RUA MANUELITO MOREIRA, 58",BENFICA,,NE
2489,EFEGE ARM. E ADM. DE BENS LTDA,94.141.256/0003-24,85-3295-5444,FORTALEZA,CE,NE,BR,"AV. DEP. PAULINO ROCHA, 155",CAJAZEIRAS,,NE
2682,ESPLANADA BRASIL S.A.,10.238.042/0004-61,,FORTALEZA,CE,NE,BR,"AV DR THEBERGE, 2759",ALVARO WEYNE,,NE
2734,EVER GREEN DO NORDESTE IND. E COM. LTD,11.586.009/0001-42,85-3472-6847,FORTALEZA,CE,NE,BR,"ROD. BR 116,   KM 07 2920",CAJAZEIRAS,,NE
3759,GPS COMERCIAL DE VIDROS E ACES LTDA,10.276.943/0001-03,88 3613-3276,SOBRAL,CE,NE,BR,"AV LUIZ GONZAGA PRADO, 216",SANTA CASA,,NE
3955,IBEL-INDUSTRIA DE BORRACHA E.V.A LTDA,01.632.154/0001-69,85-3312-6000,MARACANAÚ,CE,NE,BR,VIA DE LIGACAO 1150,DISTRITO INDUSTRIAL,,NE
4014,IMPRESSAO DE ROTULOS INTELIGENTES LTDA,07.756.970/0001-60,85-4006-4607,FORTALEZA,CE,NE,BR,AV POMPILIO GOMES 250,PASSARÉ,,NE
4225,J O NORONHA ME,86.924.040/0001-45,85-3229-0568,FORTALEZA,CE,NE,BR,"RUA TROPICAL, 205",MESSEJANA,,NE
4644,JOSE ABRAHAO OTOCH  CIA. LTDA.,04.988.419/0001-54,85-3131-1313,FORTALEZA,CE,NE,BR,"AV. SARGENTO HERMINIO, 3100",OLAVO BILAC,,NE
4787,JOSE EUDES NUNES DA SILVA - ME,01.272.227/0001-59,85 3291-2027,FORTALEZA,CE,NE,BR,"AV. G, 791",JOSE WALTER,,NE
5127,KARCIO MURILIO DA SILVA - ME,05.969.378/0001-11,85-3260-4350,EUSÉBIO,CE,NE,BR,RUA PROFESSORA MARIA SULA LEITE 380,TAMATANDURA,,NE
5168,L M SERVICOS AUTOMOTIVOS LTDA,07.381.250/0001-68,85-3289-1883,FORTALEZA,CE,NE,BR,"RUA SAO PEDRO, 235",DIAS MACEDO,,NE
5471,M&C COM. DE PROD. DE LIMP. E SERV LTDA,09.266.927/0001-42,85-3252-2253,FORTALEZA,CE,NE,BR,"AV. HERACLITO GRAÇA, 760",CENTRO DE FORTALEZA,,NE
5619,MACROBASE ENGENHARIA COM. E SERV. LTDA,04.489.620/0001-97,85-3499-3100,FORTALEZA,CE,NE,BR,"RUA OTILIA CARVALHO, 195",CAJAZEIRAS,,NE
5636,MADRESSILVA IND. E COM. DE MOVEIS LTDA,73.584.245/0001-87,88 3664-4050,MARCO,CE,NE,BR,BR 402 S/N,BAIXA DO MEIO,,NE
6024,MARISOL INDUSTRIA TEXTIL LTDA,02.316.187/0001-62,85-3384-9042,PACATUBA,CE,NE,BR,ROD. CE 060 S/N,CENTRO,,NE
6041,MARV CONFECCOES LTDA,02.405.610/0001-09,85-3388-9999,FORTALEZA,CE,NE,BR,RUA EQUADOR 1438,SERRINHA,,NE
6205,MM-NOGUEIRA MATERIAL INDUSTRIAL LTDA-ME,10.685.796/0001-17,85-3253-0054,FORTALEZA,CE,NE,BR,RUA PRINCESA ISABEL 843-A,CENTRO DE FORTALEZA,,NE
6239,MORUMBI COMERCIAL DE FERRAGENS LTDA-EPP,08.941.264/0001-51,3225-8899,FORTALEZA,CE,NE,BR,"RUA QUINZE DE NOVEMBRO, 327",MONTESE,,NE
6276,MR INDUSTRIA E COM. DE PLASTICO LTDA,07.601.179/0001-81,85-3260-2777,EUSÉBIO,CE,NE,BR,"RUA VITORIA KELLY, 171",AUTODROMO,,NE
6310,MV COMERCIAL DE GASES LTDA,02.808.881/0001-05,85 3463-1309,MARACANAÚ,CE,NE,BR,"ROD. DR. MENDEL STEINBRUCH, 7303",PAJUÇARA,,NE
6467,ONDAS INDUSTRIA E COM. DE CONFECCOES LTD,02.851.704/0001-01,85-3387-8100,CAUCAIA,CE,NE,BR,RUA SANTA LUZIA 2054,TABAPUAZINHO,,NE
6493,ORPLAC ORGAN. DE PLACAS E ADESIVOS  LTDA,06.007.033/0001-40,85-3292-1129,FORTALEZA,CE,NE,BR,AV PROFESSOR GOMES DE MATOS 1779,MONTESE,,NE
6499,OSASUNA PARTICIPAÇÕES LTDA,03.941.904/0001-00,85-4009-3175,MARACANAÚ,CE,NE,BR,AV. PARQUE NORTE  I 89,DISTRITO INDUSTRIAL,,NE
6508,OSTERNO IND.E COM. DE MOVEIS LTDA,00.391.450/0001-52,85-32445076,MARCO,CE,NE,BR,"RUA 22 DE NOVEMBRO, 1050",COQUEIRINHO,,NE
6755,PLASTFOR IND DE EMBAL. FLEXIVEIS LTDA ME,02.938.274/0001-51,85-3469-5000,FORTALEZA,CE,NE,BR,RUA BEATRIZ 1000,JARDIM VIOLETA,,NE
6779,POLIVALENTE IND. E COM. DE MAD. LTDA ME,02.655.016/0001-68,85 3484-4256,FORTALEZA,CE,NE,BR,"AV. LUIZ VIEIRA, 1232",PARQUE SAO JOSE,,NE
6940,PRINT SERVICE COMUNICAÇÃO VISUAL LTDA,09.598.828/0001-68,88 3611 2881,SOBRAL,CE,NE,BR,"RUA PADRE ANCHIETA, 73",CAMPOS DOS VELHOS,,NE
7504,SANGATI BERGA S/A,41.426.487/0001-56,85-40085000,FORTALEZA,CE,NE,BR,TRAVESSA SANGATI 101,ALVARO WEYNE,,NE
7564,SEFEMAQ COM. DE MAT. IND E SEG. LTDA EPP,11.281.525/0001-69,85-3194-6262,FORTALEZA,CE,NE,BR,"RUA PADRE MORORÓ, 1258",CENTRO DE FORTALEZA,,NE
7596,SERROLANDIA IND. COM. MANUFATURADO LTDA,01.676.836/0001-73,3498-2790,FORTALEZA,CE,NE,BR,AV. GENERAL OSORIO DE PAIVA 7421,MONTESE,,NE
7832,TECHNIC ENGENHARIA LTDA,02.815.481/0001-19,85-3312-9013,FORTALEZA,CE,NE,BR,RUA ISRAEL BEZERRA 1100,DIONISIO TORRES,,NE
7846,TECNOWALL IND. DE ISOLANTES TERMICOS,05.955.900/0001-06,,FORTALEZA,CE,NE,BR,"RUA LESTE I, 158",PASSARÉ,,NE
204,AFONSO C. INDUSTRIA E COM. DE INOX LTDA,01.475.443/0001-00,85-3232-7753,FORTALEZA,CE,NE,BR,"AV. DOS EXPEDICIONARIOS, 8305",MONTESE,,NE
217,AGATEK INDUSTRIA E COMERCIO LTDA,07.157.605/0001-30,85-3231-8098,FORTALEZA,CE,NE,BR,"RUA PERO COELHO, 427",CENTRO DE FORTALEZA,,NE
218,AGB INDUSTRIA E COMERCIO DE MOVEIS LTDA,23.591.951/0001-88,85-3291-2547,FORTALEZA,CE,NE,BR,TV COSTA E SILVA 120,MONDUBIM,,NE
397,AMERICAINOX IND E COM DE ART DE ACO INOX,10.276.275/0001-06,85-3282-3606,FORTALEZA,CE,NE,BR,RUA TAMBAÚ 210,BARRA DO CEARÁ,,NE
424,ANA PATRICIA CAMELO DE CASTRO,11.159.943/0001-88,85-3260-3318,EUSÉBIO,CE,NE,BR,AV. CICERO SÁ 450,CENTRO DE EUSEBIO,,NE
655,ANTONIO MENDES SOBRINHO - ME,63.381.230/0001-68,85.3290-2066,FORTALEZA,CE,NE,BR,RUA LUCIANO QUEIROZ 465,HENRIQUE JORGE,,NE
782,ARQUILAU RODRIGUES DA SILVA-ME,04.488.171/0001-62,85 3463 4371,FORTALEZA,CE,NE,BR,ROD 4º ANEL VIARIO S/N,PEDRAS,,NE
1116,BOBPACK INDUSTRIA DE EMBALAGENS LTDA,03.442.917/0001-34,85-3260-3408,FORTALEZA,CE,NE,BR,AV. CEL. CARVALHO 250A,BARRA DO CEARÁ,,NE
1260,CAMERINO INDUSTRIA E COM DE MOVEIS LTDA,07.487.381/0001-24,88 3664-1300,MARCO,CE,NE,BR,RUA 22 DE NOVEMBRO 1015,COQUEIRINHO,,NE
1358,CARONE CADEIRAS DE RODAS DO NE LTDA-EPP,05.397.983/0001-65,85-3387-1600,CAUCAIA,CE,NE,BR,"RUA NS-05, 05",PADRE JULIO MARIA,,NE
1412,CEARA NORTE BLIND SER M DE B E LOC DE VE,02.962.774/0001-29,85-3257 3998,FORTALEZA,CE,NE,BR,ROD. BR 116 7000,MESSEJANA,,NE
1415,CEARENSE FORMULARIOS E EDITORA LTDA,06.207.131/0001-20,85-32607100,EUSÉBIO,CE,NE,BR,RUA JUDITH MARTINS 150,TAMANDATUBA,,NE
1440,CEMAG S/A,07.844.087/0001-22,85 3228-2377,FORTALEZA,CE,NE,BR,R. GAUDIOSO CARVALHO 217,FLORESTA,,NE
1442,CEMEC-CONSTRUÇÕES ELETROMECANICAS S/A,07.251.515/0001-03,,,,,BR,,,,Industrial
1509,CESDE IND.E COM.DE ELETODOMESTICOS LTDA,00.153.282/0001-67,4011 3800,MARANGUAPE,CE,NE,BR,AV. COMANDANTE AVIADOR CHILDERICO MOTA 3599,BAIRRO COITE,,NE
1549,CIA. METALIC NORDESTE,01.183.070/0001-95,85-3299-7300,MARACANAÚ,CE,NE,BR,AV. PARQUE SUL 1441,DISTRITO INDUSTRIAL,,NE
1819,COMPANHIA VALENCA INDUSTRIAL,15.102.098/0001-65,75-3641-4121,VALENÇA,BA,NE,BR,AV INDUSTRIAL MARITA ALMEIDA S/N,CENTRO DE VALENÇA,,NE
1895,CONSORCIO TABULEIROS LITORANEOS,09.570.356/0001-35,3315-6100,TERESINA,PI,NE,BR,"ROD. BR 343, S/N KM 34",ZONA RURAL,,NE
1970,COOPERATIVA AGRIC. E DE PROD. MARANGUAPE,07.634.793/0001-40,085-3257-5310,FORTALEZA,CE,NE,BR,AV STENIO GOMES 1430,PARQUE IRACEMA,,NE
2073,D.P. BARBOSA,03.686.756/0001-24,85-3491 2734,FORTALEZA,CE,NE,BR,"AV, PROF. GOMES DE MATOS, 1780-A",MONTESE,,NE
2139,DANTAS FACCAO LTDA ME,10.970.210/0001-66,85-3371-6253,MARACANAÚ,CE,NE,BR,AV MANOEL MOREIRA LIMA 1234,JENIPAPEIRO,,NE
2235,DILLY NORDESTE S.A,01.287.588/0001-79,88 3631 1556,ITAPIPOCA,CE,NE,BR,"RUA DA UNIVERSIDADE, 240",MADALENA,,NE
2282,DISTRIBUIDORA DE MADEIRA DO PARA LTDA,06.050.181/0001-47,3285-1288,CAUCAIA,CE,NE,BR,RUA GIZELDA BEZERRA 3393,PARQUE TABAPUA,,NE
2298,DIVINOX IND DE AÇO LTDA,11.142.033/0001-92,85-3467-1825,MARACANAÚ,CE,NE,BR,"RUA 19, 41",ALTO ALEGRE,,NE
2316,DOMARCO IND. E COM. DE MOVEIS LTDA,06.127.572/0001-12,88-3664-1790,MARCO,CE,NE,BR,ROD CE 19 S/N,MINIDISTRITO INDUSTRIAL,,NE
2358,DURAFIBRA IND E COM DE MAT DE CONST.LTDA,07.107.858/0001-07,85-3459-4050,FORTALEZA,CE,NE,BR,"RUA  JURANDIR LEONEL DE ALENCAR, 129",ANCURI,,NE
2572,EMBALAGENS CEARA LTDA,01.788.591/0001-76,85-3315-4343,SAO GONÇALO DO AMARANTE,CE,NE,BR,RUA PAULO CESAR SOARES 100,ALTO DO VINTEM,,NE
2696,ETIQUETEXTIL SERV. SERIG. E GRAF. LTDA,63.395.321/0001-52,85-34918700,FORTALEZA,CE,NE,BR,"RUA DESEMBARGADOR PRAXEDES, 1344",MONTESE,,NE
2741,EXPEDITA SOUZA DAMASCENO - EPP,04.292.288/0001-76,85 3298- 3870,FORTALEZA,CE,NE,BR,"AV. GODOFREDO MACIEL, 4739",MONDUBIM,,NE
3010,ART & ARTEFATOS CEARA IND. COM. LTDA ME,03.357.368/0001-08,85-3474-2885,FORTALEZA,CE,NE,BR,"RUA INACIO ORIA, 262",MESSEJANA,,NE
3552,FRIOZEM TRANSPORTES LTDA,04.241.990/0002-91,85-34631347,MARACANAÚ,CE,NE,BR,ANEL VIARIO S/N,DISTRITO INDUSTRIAL,,NE
3605,G.M. FERREIRA - FERRAGENS,09.020.886/0001-00,85-3454-2600,FORTALEZA,CE,NE,BR,"AV. ANTONIO SALES, 696",JOAQUIM TAVORA,,NE
3725,GLASSMAXI IND. E COM DE VIDROS LTDA,09.720.150/0001-44,85-3474-0613,FORTALEZA,CE,NE,BR,"RUA JORNALISTA ANT. PONTES TAVARES, 809",CAJAZEIRAS,,NE
3793,GRANITOS S/A.,23.445.513/0001-01,85-4006-0666,CAUCAIA,CE,NE,BR,ANEL VIARIO BR 020 S/N,CENTRO DE CAUCAIA,,NE
3861,HACO ETIQUETAS DO NORDESTE LTDA,02.179.938/0001-46,85-3878-6200,EUSÉBIO,CE,NE,BR,"AV. EUSEBIO DE QUEIROZ, 5630",COACU,,NE
3917,HISPANO ESTRUTURAS METALICAS LTDA,07.231.186/0001-39,,PACAJUS,CE,NE,BR,"BR 116, KM 48 S/N S/N KM 48",CENTRO,,NE
4024,INAPI-IND.NE.DE ACESS.P/IRRIG.LTDA-EPP,08.008.080/0001-33,85-3535-7400,MARACANAÚ,CE,NE,BR,AV. PARQUE LESTE S/N,DISTRITO INDUSTRIAL,VICENTE,NE
4046,IND. DE MASSAS ALIM CONGEL. LISIEUX LTDA,02.712.226/0001-40,85-3213-2795,CAUCAIA,CE,NE,BR,RUA MONTE SINAI 600,ARIANOPOLIS,,NE
4086,INDUSTRIA ELETRICA ELITE S/A INELSA,07.212.574/0001-72,3215-2215,MARACANAÚ,CE,NE,BR,AV. PARQUE LESTE 555,DISTRITO INDUSTRIAL,,NE
4488,JJ COMERC DE MAD E MAT DE CONST LTDA ME,09.676.224/0001-92,3296-2741,FORTALEZA,CE,NE,BR,AV. VALDIR DIOGO 875,MANUEL SATIRO,,NE
5148,KIRIUS IND. E COM. DE MOVEIS EM ALUMINIO,08.974.018/0001-04,88-3664-1930,MARCO,CE,NE,BR,ROD 402 S/N,SANTA ROSA,,NE
5149,KIRIUS MARMORES IND.ECOM. DE MOVEIS LTDA,04.790.158/0001-63,88-3664-1930,MARCO,CE,NE,BR,"ROD 402, KM 03 S/N",SANTA ROSA,,NE
5279,LIDERANCA PLACAS E SERVICOS LTDA - ME,03.289.855/0001-72,85-3225-7801,FORTALEZA,CE,NE,BR,"RUA BARBA ALADO, 225",SERRINHA,,NE
5488,M & A COMERCIAL DE MADEIRAS LTDA,07.819.064/0001-68,3289-9610,MARACANAÚ,CE,NE,BR,"RUA 21, 1391",ALTO ALEGRE,,NE
5496,M.,07.206.816/0024-01,85-3263-2989,FORTALEZA,CE,NE,BR,RUA ESPLANADA DO MUCURIPE S/N,MUCURIPE,,NE
6419,NOVA FASE REQUALIF. DE RECIP. DE GAS LTD,10.297.362/0001-40,85-3215-2371,MARACANAÚ,CE,NE,BR,AVENIDA PARQUE LESTE 300,DISTRITO INDUSTRIAL,,NE
6514,OTAVIO CESAR DA SILVA - ME,05.789.338/0001-98,85 3238 2700,FORTALEZA,CE,NE,BR,"AV. JOAO PESSOA, 3438",CENTRO DE FORTALEZA,,NE
6693,PEMALEX INDUSTRIA E COMERCIO LTDA,07.945.652/0001-48,3401-2000,MARACANAÚ,CE,NE,BR,ROD DR. MENDEL STEINBRUCH S/N,DISTRITO INDUSTRIAL,,NE
6787,PONTES IND. DE CERA DO PIAUI LTDA,05.411.584/0001-01,85-3288-7100,PARNAÍBA,PI,NE,BR,ROD. BR 343 S/N,DISTRITO INDUSTRIAL II,,NE
6788,PONTES INDUSTRIA DE CERA LTDA,11.741.022/0001-29,85-3288-7100,FORTALEZA,CE,NE,BR,"RUA IRINEU DE SOUZA, 10",ALVARO WEYNE,,NE
6952,PROJEART IND. DE ESTRUT. METALICAS LTDA,41.632.928/0001-76,85-3275-1220,EUSÉBIO,CE,NE,BR,"ROD.BR 116, KM 19  - RUA. EDUARDO SA 465",JABUTI,,NE
6995,R. CHAGAS  CIA LTDA,07.202.427/0001-11,,ITAITINGA,CE,NE,BR,"AV, MISTER HULL, 3650",ITAITINGA,,NE
7089,RAIMUNDO FREIRE DOS SANTOS,63.369.060/0001-04,,CAUCAIA,CE,NE,BR,"AV. FREI CIRILO, 4186",PARQUE GUADALAJARA,,NE
7424,RUAH IND. E COMERCIO DE MOVEIS LTDA,03.875.890/0001-73,88 3664-1818,MARCO,CE,NE,BR,RODOVIA BR 402 S/N,SANTA ROSA,,NE
7530,SATURNINO  DANTAS IND DE ARTEF DE METAL,09.351.320/0001-60,85-3463-1918,MARACANAÚ,CE,NE,BR,"AV RADIALISTA JOAO RAMOS, 3001",PLANALTO CIDADE NOVA,,NE
7592,SERRARIA ALMEIDA LTDA,07.273.808/0001-91,3299-4067,FORTALEZA,CE,NE,BR,AV DEDE BRASIL 4880,ITAPERI,,NE
7738,STAND SING PROJETOS LTDA,03.454.856/0001-25,85-3474-6000,FORTALEZA,CE,NE,BR,RUA LOURDES VIDAL ALVES 244,LAGOA REDONDA,,NE
7747,STOCK  COM. DE EQUIP. DE SEGURANÇA LTDA,05.588.797/0003-75,85-3052-6060,FORTALEZA,CE,NE,BR,RUA CASTRO E SILVA 1056,CENTRO DE FORTALEZA,,NE
7919,TIAGO VASCONCELOS FERNANDES,08.187.994/0001-09,3292-2574,FORTALEZA,CE,NE,BR,AV. GAL OSORIO DE PAIVA 3999,PARQUE SAO JOSE,,NE
7930,TINTAS HIDRACOR S/A,04.706.416/0001-80,85-4005-4200,MARACANAÚ,CE,NE,BR,AV. MENDEL STEINBRUCH S/N,DISTRITO INDUSTRIAL,,NE
8026,TRES CORACOES ALIMENTOS S.A.,63.310.411/0011-75,84-3181.9191,MOSSORO,RN,NE,BR,"AV.  DEHUEL VIEIRA DINIZ, 4661",SANTA JULIA,,NE
8062,UCHOA MOVEIS INDUSTRIA E COMERCIO LTDA,63.478.382/0001-83,85-3497-2714,FORTALEZA,CE,NE,BR,RUA NOVA CONQUISTA 90,PARQUE SANTO AMARO,,NE
8076,UNIAO IND. TEXTIL S/A,07.203.904/0001-63,85-3499-5429,FORTALEZA,CE,NE,BR,"AV. ALDIZIO PINHEIRO, 298",HENRIQUE JORGE,,NE
8095,USIBRAS-USINA BRAS DE OLEOS E CAST LTDA,08.395.782/0001-17,84-3318-2600,MOSSORO,RN,NE,BR,AV WILSON ROSADO 2580,ABOLIÇÃO II,,NE
8096,USICON COM E IND E SERV DE USINAGEM LTDA,09.067.161/0001-77,85 3014-1399,MARACANAÚ,CE,NE,BR,"AV. RADIALISTA JOAO RAMOS, 1895",PARQUE NOVO MONDUBIM,,NE
8168,VAP CONSTRUCOES LTDA,00.565.011/0001-19,85 3226-1314,FORTALEZA,CE,NE,BR,"RUA COSTA BARROS, 915",CENTRO DE FORTALEZA,,NE
8253,VICUNHA IND DE IMPLEMENT RODOVIARIOS LTD,12.976.890/0002-31,85-3366-2000,EUSÉBIO,CE,NE,BR,RUA EDUARDO SA 587,JABUTI,,NE
8257,VIDAL E MARQUES LTDA ME,01.680.503/0001-18,3278-5780,FORTALEZA,CE,NE,BR,"AV. WASHINGTON SOARES, 5057",CAMBEBA,,NE
8264,VILLENA COMERCIO DE MATERIAS RECIC LTDA,08.149.358/0001-92,85.3286-4001,FORTALEZA,CE,NE,BR,RUA JERONIMO DE ALBUQUERQUE 500,BARRA DO CEARÁ,,NE
8406,ZANOTTI PACATUBA IND E COM DE ART TEXTIL LTDA,10.892.699/0001-03,85-3383-4600,PACATUBA,CE,NE,BR,"AV. MARGINAL NORDESTE, 1001",SENADOR CARLOS JEREISSATI,,NE
8426,A&Z INDUSTRIA E COMERCIO DE MADEIRA LTDA,04.032.075/0001-05,85 3491-9440,FORTALEZA,CE,NE,BR,RUA ALAN KARDEC 1322,MONTESE,,NE
8846,USIBRAS USINA BRASILEIRA DE OLEOS E CASTANHA LTDA,08.395.782/0003-89,85-4006-8900,AQUIRAZ,CE,NE,BR,ROD. CE-040 KM 26 S/N,OLHO D'AGUA,,NE
8987,JOSE GERARDO DE MARIA ME,07.839.087/0001-34,85-3283-3584,FORTALEZA,CE,NE,BR,AV. SARGENTO HERMINIO 1790,MONTE CASTELO,,NE
9003,DENNILSON CASTELO BRANCO DE LIMA 71476202320,14.328.203/0001-16,85-3473-8181,MARACANAÚ,CE,NE,BR,3 LOT RES MARACANAU I 5000,CAGADO,,NE
9066,TARGET BONES E SERIGRAFIA LTDA.,07.849.277/0001-32,85-3276-4209,FORTALEZA,CE,NE,BR,"RUA CARLOS SETUBAL, 185",MESSEJANA,,NE
9250,BRASIMEC IND. E COM.LTDA,04.636.884/0001-26,85-3275-1632,ITAITINGA,CE,NE,BR,"ROD. BR 116, S/N",JABUTI,,NE
9258,MR GRESS INDUSTRIA E COMERCIO DE PLASTICOS LTDA,10.621.716/0001-60,85-3260-1656,EUSÉBIO,CE,NE,BR,RUA VITORIA KELLY 181,AUTODROMO,,NE
9366,DAYSE DAYANNE MACHADO CASTRO ME,14.682.049/0001-86,85-3260-3318,EUSÉBIO,CE,NE,BR,"AV. CICERO SÁ, 2220",URUCUNEMA,,NE
9467,EQUIPAR IND E COM LTDA,14.089.186/0001-01,85-3533-5900,FORTALEZA,CE,NE,BR,AV. PONTES VIEIRA 642,SAO JOAO DO TAUAPE,,NE
9656,GP COMERCIO E SERVIÇOS DE BLINDAGEM EM AUTOMOVEIS,13.700.219/0001-45,85-3257-1122,FORTALEZA,CE,NE,BR,"RUA FISCAL VIEIRA, 3585",JOAQUIM TAVORA,,NE
9668,R. CHAGAS & CIA LTDA,07.202.427/0002-00,85-30225570,FORTALEZA,CE,NE,BR,AV IMPERADOR 1738,FARIAS BRITO,,NE
9795,FORTALEZA AÇO INOXIDAVEL LTDA - ME,15.531.355/0001-84,85-32823606,FORTALEZA,CE,NE,BR,RUA  GRAÇA ARANHA 108,BARRA DO CEARÁ,,NE
9825,F G CADETE,02.573.315/0002-34,85 3272-6223,FORTALEZA,CE,NE,BR,RUA CAIO FACO 1155,LAGOA REDONDA,,NE
9844,HS INDUSTRIA E COMERCIO LTDA,12.144.734/0001-23,85-3021-5143,FORTALEZA,CE,NE,BR,R MAJOR FACUNDO 1506,CENTRO DE FORTALEZA,,NE
9914,P R DE FREITAS NETO ME,11.739.165/0001-04,85-3491-3349,FORTALEZA,CE,NE,BR,"RUA ALAN KARDEC, 1004",MONTESE,,NE
10088,AQUA BRAVO AQUICULTURA LTDA,10.520.015/0001-34,85-3261-8215,CAMOCIM,CE,NE,BR,FAZ CAMARISCO S/N,ZONA RURAL,,NE
10145,SUPER MERCADO DO POVO LTDA..,10.389.021/0007-90,85-3052-3888,FORTALEZA,CE,NE,BR,AV MIN JOSE AMERICO 709,PARQUE IRACEMA,,NE
10216,DPM ENGENHARIA LTDA,23.562.424/0001-45,85-3276-4074,FORTALEZA,CE,NE,BR,AV.MINISTRO JOSE AMERICO 275,PARQUE IRACEMA,,NE
10643,M&S DISTRIBUIDORA DE ALIMENTROS LTDA,05.505.613/0002-85,85-3288-1231,FORTALEZA,CE,NE,BR,AV. SEN. FERNANDES TAVORA 3211,PARQUE GENIBAU,,NE
5621,MADECENTER MAD E COM DE MAT P CONST LTDA,07.665.862/0001-82,85-3478-3518,FORTALEZA,CE,NE,BR,"AV SGT HERMINIO , 3300",PRESIDENTE KENNEDY,,NE
5627,MADEIREIRA PAJUCARA LTDA,03.499.632/0001-30,3463-3381,MARACANAÚ,CE,NE,BR,"AV. DR. MENDEL STEINBRUCH, 2277",PAJUCARA,,NE
5635,MADESON COMERCIO DE MADEIRAS LTDA,63.354.872/0001-78,85-3290-2990,FORTALEZA,CE,NE,BR,"RUA VITORIA, 419",HENRIQUE JORGE,,NE
5851,MARIA DA CONCEIÇÃO FREIRE SILVA - MS,06.958.536/0001-09,85-3259-1598,FORTALEZA,CE,NE,BR,"RUA LUMINOSA, 4194",GRANJA PORTUGAL,,NE
5985,MSM INOX INDUSTRIA E COMERCIO LTDA ME,05.157.593/0001-18,85-3225-9893,FORTALEZA,CE,NE,BR,"RUA LEONEL CHAVES, 462",PARANGABA,,NE
6141,METALURGICA BRECHENSK LTDA,06.916.968/0001-49,3383-2797,MARACANAÚ,CE,NE,BR,"RUA RAIMUNDO VIANA, 201",PARQUE LUZARDO VIANA,,NE
6191,MINHAKARA LINGERIE IND DE CONF LTDA,00.680.748/0001-82,85-3257-3530,FORTALEZA,CE,NE,BR,"RUA PAULO FIRMEZA, 1349",SAO JOAO DO TAUAPE,,NE
6270,MOVENORD MOVEIS DO NORDESTE LTDA,05.111.625/0001-44,3311-7219,PACATUBA,CE,NE,BR,ROD CE 060 S/N,PACATUBA,,NE
6279,MILTON E RAIM.BEZ.TRAN.DE CARG E SERV LTDA,41.603.531/0001-56,85-3274-1144,FORTALEZA,CE,NE,BR,RUA CORONEL ALVES RIBEIRO 111,MESSEJANA,,NE
6390,NORDESTE INDUSTRIA DE EMBALAGEM LTDA,11.714.227/0004-68,85-3459-8333,HORIZONTE,CE,NE,BR,"AV PRES CASTELO BRANCO, 6057",CENTRO.,,NE
6409,NORSA REFRIGERANTES LTDA.,07.196.033/0002-89,3299-2000,CRATO,CE,NE,BR,AV. PADRE CICERO KM02,MURITI,,NE
6418,NOVA CONQUISTA COMERCIO DE MADEIRAS LTDA,04.485.802/0001-90,85-3262-5897,FORTALEZA,CE,NE,BR,"RUA TAQUATIARA, 530",BARROSO,,NE
6990,R L OLIVEIRA FREIRE SANTOS,11.239.419/0001-17,85-3276-1050,FORTALEZA,CE,NE,BR,"AV. FREI CIRILO, 4186",MESSEJANA,,NE
6998,R. FURLANI ENGENHARIA LTDA,09.496.357/0001-87,3299. 2279,FORTALEZA,CE,NE,BR,"AVENIDA ALBERTO CRAVEIRO, 4001",BOA VISTA,,NE
7099,RAIMUNDO MACARIO FREITAS DA SILVA-SLAP,41.569.856/0001-60,85-3292-7642,FORTALEZA,CE,NE,BR,"RUA DOM XISTO ALBANO, 239",PARQUE SAO JOSE,,NE
7135,RANGEL DOS SANTOS LIRA,753.061.403-78,85-3295-5796,FORTALEZA,CE,NE,BR,RUA PROFESSOR ODILIO FILHO 61,PASSARÉ,,NE
7147,RAYA ESTRUTURAS METALICAS LTDA EPP,11.090.563/0001-34,9751-8228,FORTALEZA,CE,NE,BR,"RUA POLONIA, 290",PAPICU,,NE
7313,RL MARMORES E GRANITOS LTDA,12.457.339/0001-09,85-3474-0144,FORTALEZA,CE,NE,BR,R FCO JOSE ALBUQUERQUE PEREIRA 635,CAJAZEIRAS,,NE
7434,RUDIMAR BONAMIGO ME,11.081.644/0001-78,85-3272-2577,FORTALEZA,CE,NE,BR,"ROD. BR 116, KM 03 6438",AEROLANDIA,,NE
7589,SERILOS COM. SERVIÇOS LTDA,04.057.765/0001-19,85-3214-2129,FORTALEZA,CE,NE,BR,"RUA BARAO DE CRATO, 1478",VILA ELLERY,,NE
7594,SERRARIA RAMIRES LTDA,11.831.617/0001-75,85 3279-3132,FORTALEZA,CE,NE,BR,AV. DESEMBARCADOR GONZAGA 20,CIDADE DOS FUNCIONÁRIOS,,NE
7661,SINGULAR DIST. DE EMB. E MAT DE LIMP. LT,11.071.825/0001-13,,JIJOCA,CE,NE,BR,"AV. DEP. PAULINO ROCHA, 1420",CENTRO,,NE
7702,SOLIDUS ESTRUTURAS METALICAS LTDA,01.027.589/0001-84,85-3273-6344,FORTALEZA,CE,NE,BR,"RUA FCO JOSE ALBUQUERQUE PEREIRA, 414",CAJAZEIRAS,,NE
7736,STAMPART ESTAMPARIA TEXTIL LTDA,03.712.358/0001-35,85-3299-7800,FORTALEZA,CE,NE,BR,RUA DO CLUBE 17,MONDUBIM,,NE
7768,SUPER MERCADO DO POVO LTDA,10.389.021/0001-02,,JIJOCA,CE,NE,BR,"RUA PROF. EDGAR ARRUDA, 1050",CENTRO,,NE
7772,SURF BRASIL IND. DE CONFECCAO LTDA,07.100.461/0001-85,,FORTALEZA,CE,NE,BR,"AV. WENEFRIDO MELO, 31",MESSEJANA,,NE
7776,SUZLON ENERGIA EOLICA DO BRASIL LTDA,08.146.882/0007-03,85-3265-1308,MARACANAÚ,CE,NE,BR,R LESTE 5,PAJUÇARA,,NE
7933,TITA AUTOPECAS E TINTAS LTDA,06.605.976/0001-74,85.3223-6530,FORTALEZA,CE,NE,BR,RUA. ERICO MOTA 1073,PARQUELANDIA,,NE
7951,TRANA TRANSPORTES  LTDA,06.035.802/0001-13,3194 2113,FORTALEZA,CE,NE,BR,"ROD.BR116,  KM 09 10000A",JANGURUSSU,,NE
8025,TRES CORAÇOES ALIMENTOS LTDA,63.310.411/0001-01,85-4006-5561,EUSÉBIO,CE,NE,BR,"RUA SANTA CLARA, 100",PARQUE SANTA CLARA,,NE
8051,TUBOCONE IND. E COM. DE EMBALAGENS EIRELI EPP,06.557.482/0001-61,85-3336-1414,HORIZONTE,CE,NE,BR,"AV. PRES.CASTELO BRANCO, BR116 2010",CATOLE,,NE
8397,YOSHIDA NORDESTE S/A IND. E COMERCIO,23.598.865/0001-05,85-3297-3111,MARACANAÚ,CE,NE,BR,"AV. PARQUE NORTE I , 483",PAJUCARA,,NE
8401,YPIOCA AGUAS MINERAIS IND. E COM. LTDA.,07.576.952/0001-05,,,,,BR,,,,Industrial
8445,AÇO CEARENSE INDUSTRIAL LTDA.,00.990.842/0003-08,85 3521-8300,CAUCAIA,CE,NE,BR,ROD. BR. 222 KM 21,GENIPABU,,NE
8676,MILTON E RAIM. BEZ. TRANSP. DE CARG. E SERV. LTDA....,41.603.531/0004-07,85-3274-1144,SOBRAL,CE,NE,BR,BR 222 KM 223 KM 230 S/N,ZONA RURAL,,NE
8728,LIMA TRANSPORTE LTDA.,06.890.941/0001-24,85-4006-5623,FORTALEZA,CE,NE,BR,"RUA TRAJANO DE MORAES, 216",PASSARÉ,,NE
8755,ADAILTON ALVES TEIXEIRA ME,12.280.905/0001-41,88-3427-2922,BOA VIAGEM,CE,NE,BR,RUA AGRONOMANDO RANGEL 532,CENTRO DE BOA VIAGEM,,NE
8811,SG SOLUTION SERVIÇOS EM AUTOMOVEIS LTDA,13.443.633/0001-16,85-3055-3060,FORTALEZA,CE,NE,BR,RUA JOSÉ AVELINO 566,CENTRO DE FORTALEZA,,NE
8852,CONSTRUTORA MARQUISE S/A,07.950.702/0001-85,85-3265-4366,FORTALEZA,CE,NE,BR,"AV. PONTES VIEIRA, 1838",DIONISIO TORRES,,NE
8940,TUBOTECNICO IND E COM DE EMBALAGENS LTDA,03.466.523/0001-16,85-3336-1414,HORIZONTE,CE,NE,BR,RUA FRANCISCO DOMINGOS SOUZA 41,CATOLE,,NE
9001,DENNILSON CASTELO BRANCO,714.762.023-20,85-8816-1299,MARACANAÚ,CE,NE,BR,RUA 03 5000,MARACANAÚ,,NE
9030,FARIAS CONSTRUÇÕES E SERVICOS LTDA,69.353.738/0001-39,85.3341-2463,MARANGUAPE,CE,NE,BR,RUA DO COMERCIO 464,TABATINGA,,NE
9045,FRANCISCO ALEX BRAGA DOS SANTOS,670.282.173-53,,FORTALEZA,CE,NE,BR,"AV.PRESIDENTE CASTELO BRANCO, 4803",JACARECANGA,,NE
9176,M.W.M. COM. DE FERRAGENS E MAT. DE SEG. LTDA ME,13.974.923/0001-96,85-3045-3046,FORTALEZA,CE,NE,BR,RUA PRINCESA ISABEL 1274,CENTRO DE FORTALEZA,,NE
9191,COCO NORDESTE IND.E COM.ALIMENTICIOS LTDA,07.601.878/0001-21,,ITAPIPOCA,CE,NE,BR,RUA URBAO TEIXEIRA 1613,COQUEIRO,,NE
7897,TEXTIL HORIZONTE ETIQUETAS LTDA,41.596.800/0001-02,85-3336-1028,HORIZONTE,CE,NE,BR,RUA ALEXANDRE JOCA 197,CENTRO DE HORIZONTE,JANAINA,NE
7927,TIJUCANA TRANSPORTES LTDA,03.814.040/0001-65,85.3535-7000,HORIZONTE,CE,NE,BR,AV CASTELO BRANCO 1940,CATOLE,,NE
7950,TRANA CONSTRUCOES LTDA.,05.602.941/0001-19,85 4006 1237,FORTALEZA,CE,NE,BR,ROD.BR.116 10000B KM,MESSEJANA,,NE
7976,TRANSNORDESTINA LOGISTICA S.A.,02.281.836/0004-80,4008 2713,FORTALEZA,CE,NE,BR,AV FRANCISCO SA 4829,CARLITO PAMPLONA,,NE
8375,WL BEZERRA ADESIVOS,00.505.342/0001-63,85-3023-1786,FORTALEZA,CE,NE,BR,RUA GAL. CLARINDO DE QUEIROZ 862B,CENTRO DE FORTALEZA,,NE
8427,BARBOSA NOGUEIRA & CIA,07.913.817/0001-08,88 3421-1323,ARACATI,CE,NE,BR,CEL. ALEXANDRINO 894,CENTRO DE ARACATI,,NE
8431,F. ALESSANDRO ALVES PINHEIRO EPP,07.730.694/0001-61,(85) 3463-4898,MARACANAÚ,CE,NE,BR,AV. RADIALISTA JOAO RAMOS 1033,PARQUE NOVO MONDUBIM,,NE
8588,CIA INDL DE OLEOS DO NORDESTE - CIONE,07.199.490/0001-46,85-32356022,FORTALEZA,CE,NE,BR,RUA PROF JOSE LEITE GONDIM 190,ANTONIO BEZERRA,,NE
8808,SERRARIA ARAGUAIA COM. E IND. LTDA ME,23.708.407/0001-73,85-3463-2316,MARACANAÚ,CE,NE,BR,RUA SANTA RITA 291,PARQUE NOVO MONDUBIM,,NE
8827,L.A. SANTOS MOTA,02.005.598/0001-37,85-3383-9222,MARACANAÚ,CE,NE,BR,RUA 04 01,JAÇANAU,,NE
8853,COMERCIAL DE MADEIRAS FORTALEZA LTDA,02.958.421/0001-55,85-3273-2714,FORTALEZA,CE,NE,BR,AV. WASHINGTON SOARES 4791,EDSON QUEIROZ,,NE
9028,J & A INDUSTRIA DE MOLDES LTDA,07.749.314/0001-30,85-3269-2383,MARACANAÚ,CE,NE,BR,RUA CRISTOVÃO DE MELO 66,PLANALTO CIDADE NOVA,,NE
9340,SUPER MERCADO DO POVO LTDA.,10.389.021/0005-28,85-3052-3888,FORTALEZA,CE,NE,BR,RUA 12 200,PASSARÉ,,NE
9344,JESSICA MOURA FONTELES,031.495.633-64,88 3621-2104,CAMOCIM,CE,NE,BR,RUA: DR. JOÃO THOME 672,CENTRO DE CAMOCIM,,NE
9352,JOSUE ROBERTO FUHR,420.886.660-87,88-3572-2686,JUAZEIRO DO NORTE,CE,NE,BR,RUA DEPUTADO JOSE SARAIVA MACEDO 226,LIMOEIRO,,NE
9353,M C ELETRICA E HIDRAULICA LTDA.,11.554.390/0001-68,86 - 3215-8470,TERESINA,PI,NE,BR,RUA SIMPLICIO MENDES 540,CENTRO DE TERESINA,,NE
9418,EMBALAGENS CEARA LTDA.,01.788.591/0002-57,88-3614-4473,SOBRAL,CE,NE,BR,RODOVIA BR 222 S/N,DISTRITO INDUSTRIA,,NE
9695,C&T FABRICAÇÃO DE MOVEIS LTDA,10.356.260/0001-58,85-3297-2617,MARACANAÚ,CE,NE,BR,RUA CICERO RODRIGUES DE MOURA 237,JARDIM BANDEIRANTES,,NE
9908,MEIRA ARTE E AMBIENTACAO LTDA,04.611.712/0001-06,3208-2530,FORTALEZA,CE,NE,BR,AV WASHINGTON SOARES 909,COCO,,NE
9943,G.PEGADO IMPORTAÇAO E EXPORTAÇÃO LTDA,35.078.856/0001-64,85-3276-1641,FORTALEZA,CE,NE,BR,AV. JORNALISTA TOMAZ COELHO 731,MESSEJANA,,NE
9980,CADERNUS INDUSTRIA E COMERCIO LTDA,14.798.799/0001-18,85-3297-2366,MARACANAÚ,CE,NE,BR,RUA DR. OSWALDO RIZZATO S/N,JARDIM PARAISO,,NE
10074,HAPVIDA ASSISTENCIA MEDICA LTDA,63.554.067/0001-98,85-3255-9438,FORTALEZA,CE,NE,BR,AV. HERACLITO GRACA 406,CENTRO DE FORTALEZA,,NE
10147,BACHA E CIA LTADA,09.445.644/0001-68,3306.6030,FORTALEZA,CE,NE,BR,"RUA FLORIANO PEIXOTO, 221",CENTRO DE FORTALEZA,,NE
10154,TAC MOTORS INDUSTRIA AUTOMOTIVA S/A,07.143.375/0001-50,88-3677-5200,SOBRAL,CE,NE,BR,ROD. BR 222 3462,CIDADE  GERARDO CRISTINO DE MENEZES,,NE
10163,I M JUSTINO ME,08.335.117/0001-38,85-3276-4972,FORTALEZA,CE,NE,BR,TRAV. FREDERICO SEVERO 295,MESSEJANA,,NE
10273,NUTRECO BRASIL NUTRICAO ANIMAL LTDA,03.022.008/0007-32,85-3463-1678,MARACANAÚ,CE,NE,BR,VIA DE LIGAÇAO 1 900,DISTRITO INDUSTRIAL III,,NE
11343,TAILANDIA S TAVARES ME,14.504.881/0001-92,3212-3578,FORTALEZA,CE,NE,BR,RUA: GILHERME ROCHA 895,CENTRO DE FORTALEZA,,NE
16443,M. AGUIAR CONSTRUCOES SPE LTDA,13.645.967/0001-72,3133-4444,FORTALEZA,CE,NE,BR,RUA VICENTE LINHARES 500,ALDEOTA,,NE
17690,VANDERLEI OLIVEIRA OURIQUE EIRELI ME,18.115.093/0001-65,85-3298-4583,FORTALEZA,CE,NE,BR,AV. GODOFREDO MACIEL 5420,MONDUBIM,,NE
17843,MONTBLANC RESIDENCE INVEST. IMOBILIARIOS LTDA,14.817.726/0001-26,85-3299-6600,FORTALEZA,CE,NE,BR,AV.  DOS EXPEDICIONARIOS 5571,AEROPORTO,,NE
17945,"PRAIA CENTRO HOTEIS, VIAGENS E TURISMO LTDA",07.415.391/0001-54,85-3083-1136,FORTALEZA,CE,NE,BR,AV. MONSENHOR TABOSA 740,PRAIA DE IRACEMA,,NE
18030,IND. E  COM. DE ALUMINIO CINTHYA LTDA - ME,19.769.972/0001-73,85-3467-3084,FORTALEZA,CE,NE,BR,RUA RAFAEL LIRA PEREIRA 264,MONDUBIM,,NE
18807,PEDRO BRAZ,617.565.713-68,,MARACANAÚ,CE,NE,BR,RUA 8 B CASA 28 28,CONJUNTO INDUSTRIAL,,NE
18955,DAMIAO PAIVA NETO - ME,19.154.023/0001-89,85-32854050,CAUCAIA,CE,NE,BR,R PARA 1140,TABAPUAZINHO,,NE
19523,INDUSTRIA METALURGICA METALSONIA LTDA ME,13.675.342/0001-53,85-3253-2340,FORTALEZA,CE,NE,BR,R JOSE HIPOLITO 1900,MESSEJANA,,NE
10661,EMARF INDÚSTRIA E COM E MANUT DE EQUIP. LTDA,09.182.836/0001-29,85-3284-6376,FORTALEZA,CE,NE,BR,RUA TAMBAU 173,BARRA DO CEARÁ,,NE
10761,AMBIENTAL IND DE ARTEF. DE PLAST. DO BRASIL LTDA ME,05.530.397/0001-47,85-3463-2180,MARACANAÚ,CE,NE,BR,ANEL VIARIO S/N,PLANALTO CIDADE NOVA,,NE
10826,NACIONAL GAS BUTANO DISTRIBUIDORA LTDA,06.980.064/0048-46,85-3466-8667,IPOJUCA,PE,NE,BR,TERMINAL PORTUARIO SUAPE S/N,ILHA COCAIA,,NE
11713,CONDOMINIO CRUZEIRO DO SUL,02.772.869/0001-80,85-3276-1010,FORTALEZA,CE,NE,BR,AV. JOSE AMERICO 150,CAMBEBA,,NE
13688,JJ EMPREENDIMENTOS LTDA,63.553.390/0001-47,85-3499-0201,FORTALEZA,CE,NE,BR,RUA DR JOSE PLUTARCO 230,PARQUE MANIBURA,,NE
13763,M LAVIAGUERRE COMRCIO DE VIDROS - ME,17.274.483/0001-15,85-3247-6866,FORTALEZA,CE,NE,BR,R ALM.RUBIM 1566,MONTESE,,NE
14212,PJR COMERCIO DE ALIMENTOS E BEBIDAS LTDA,14.639.035/0001-80,85-3063-3358,CAUCAIA,CE,NE,BR,AV. SÃO VICENTE DE PAULA 248,ARATURI,,NE
15190,ALMIRA GOMES FERREIRA EPP,03.030.357/0001-00,85-3493-3571,FORTALEZA,CE,NE,BR,RUA 124 108,ITAPERY,,NE
17190,FONNET COMERCIO DE EQUIP. DE TELECOMUNICACOES LTDA,11.035.558/0001-29,85-3494-2777,FORTALEZA,CE,NE,BR,RUA MINIS ABNER DE VASCONCELOS 1451,SAPIRANGA,,NE
17624,PORTO FREIRE ENGENHARIA E INCORPORACAO LTDA,01.064.644/0001-06,85-3299-6608,FORTALEZA,CE,NE,BR,AV.  DOS EXPEDICIONARIOS 5571,AEROPORTO,,NE
17638,SMS VIANA - EPP,03.704.242/0001-54,85-3259-2518,FORTALEZA,CE,NE,BR,RUA PADRE ANTONIO NUNES GURGEL 1010,GENIBAU,,NE
17749,A. C. DA COSTA BOX ME,09.591.545/0001-94,85-3297-2617,MARACANAÚ,CE,NE,BR,RUA CICERO RODRIGUES DE MOURA 237A,JARDIM BANDEIRANTES,,NE
17787,GRAFICA E EDITORA TRES CEARENSES LTDA,03.730.721/0001-45,85-3464-3323,FORTALEZA,CE,NE,BR,"RUA ANTONIO POMPEU, 985",CENTRO DE FORTALEZA,,NE
18033,RF COMERCIAL E IND. DE TUBOS LTDA - EPP,08.814.604/0001-83,85-3226-7282,FORTALEZA,CE,NE,BR,RUA EURICO MEDINA 1374,HENRIQUE JORGE,,NE
18225,C S PEREIRA SILVA DE SOUSA ME,12.874.466/0001-03,85-3382-0574,MARACANAÚ,CE,NE,BR,RUA 55 - JEREISSATI II 578,JEREISSATI II,,NE
18407,MARIA ANGELA FONTELES ME,17.535.058/0001-32,88-3664-1246,MARCO,CE,NE,BR,RUA MONSENHOR VALDIR DE CASTRO 796,CENTRO DE MARCO,,NE
18498,ADÃO GONSALVES  RODRIGUES,113.182.468-73,85-8504-1784,FORTALEZA,CE,NE,BR,"RUA NOGUEIRA ACIOLY, 1501",CENTRO DE FORTALEZA,,NE
9245,ABS METALMECANICA IND. E COM. DE MAQUINAS LTDA ME,07.159.488/0001-43,3478-1311,UMIRIM,CE,NE,BR,BR 222 S/N,PLANALTO PREGUIÇA,,NE
9350,COMERCIAL MAB LTDA EPP,07.228.166/0001-09,85-3226-9196,FORTALEZA,CE,NE,BR,RUA TEREZA CRISTINA 1137,OTAVIO BONFIM,,NE
9566,BITTENCOURT SOUSA E SENISE IND E COM DE EMB LTDA ME,15.346.685/0001-08,85-3082-4787,FORTALEZA,CE,NE,BR,RUA FERREIRA LIMA 150,DIAS MACEDO,,NE
9567,WF COMERCIO E SERV. EM AUTOMOVEIS LTDA,11.268.960/0001-53,85-3219-1331,FORTALEZA,CE,NE,BR,RUA ENFERMEIRO JOAQUIM PINTO 160,CAJAZEIRAS,,NE
9588,CEARA AUTOS EXPRESS SERV. E PEÇAS LTDA,15.407.996/0001-21,85-4008-0500,FORTALEZA,CE,NE,BR,AV. AGUANAMBI 1386,FATIMA,,NE
9594,MAX QUIMICA COMERCIO SERVIÇO DE LIMPEZA LTDA,06.989.579/0001-43,85-3481-1625,FORTALEZA,CE,NE,BR,RUA ROSALVO QUINDERE 248,QUINTINO CUNHA,,NE
9659,YANN COMERCIO E INDUSTRIA LTDA,11.581.675/0003-50,85-4008-0088,FORTALEZA,CE,NE,BR,RUA HUMBERTO CAMPOS 94,SAO JOAO DO TAUAPE,,NE
9759,LIMAC COM. DE VIDROS IMP E EXP LTDA,10.353.622/0001-57,85-3247-6866,FORTALEZA,CE,NE,BR,RUA VER. PEDRO PAULO 440,SEIS BOCAS,,NE
9768,METALURGICA PAVA LTDA,63.393.136/0001-29,3237-3366,CAUCAIA,CE,NE,BR,"RUA TORREON, 1508",PARQUE GUADALAJARA,,NE
9829,LPM BENEF E COM DE PECAS DE VIDRO EM GERAL LTDA,07.749.097/0001-89,85-3474-6868,FORTALEZA,CE,NE,BR,RUA DOIS 61,MESSEJANA,,NE
9834,METALTEX ALUMINIO E ACO LTDA,00.137.925/0001-89,85-3297-3267,MARACANAÚ,CE,NE,BR,"AV. PQ. LESTE , 900",DISTRITO INDUSTRIAL,,NE
9884,TORNEARIA BRASIL LTDA,04.309.255/0001-91,85-3272-1172,FORTALEZA,CE,NE,BR,"AV. VISCONDE DO RIO BRANCO, 3901",CENTRO DE FORTALEZA,,NE
9942,JOAO BATISTA DA COSTA GUEDES ME,05.098.912/0001-61,85-3292-1879,FORTALEZA,CE,NE,BR,RUA JULIO BRAGA 910,BONSUCESSO,,NE
9966,COMSERMIL FABRICAÇAO DE PÇAS E SERV EM MAQ IND LTDA,08.692.137/0001-66,85-3215-2373,MARACANAÚ,CE,NE,BR,"AV. RADIALISTA JOAO RAMOS, 1900",PARQUE NOVO MONDUBIM,,NE
9981,FERRALNOX IND E COM DE PROD EM FERRO ALUM E INOX LTDA ME,15.638.581/0001-69,85-3227-2047,FORTALEZA,CE,NE,BR,AV. VISCONDE DO RIO BRANCO 5219,SAO JOAO DO TAUAPE,,NE
10084,VR COMERCIO E SERVICO LTDA - ME,04.761.267/0001-52,85-3272-0239,FORTALEZA,CE,NE,BR,"RUA CAPITAO ARAGAO, 430",AEROLANDIA,,NE
10105,CONSTRUTORA ELOS LTDA,05.217.104/0001-76,85-3267-7288,FORTALEZA,CE,NE,BR,RUA ARQUITETO JOÃO BRAGA DE LIMA 16,ALDEOTA,,NE
10130,RANNY PROJETOS E CONSTRUCOES LTDA - ME,03.648.002/0001-80,85-8719-4482,FORTALEZA,CE,NE,BR,AV. OSCAR ARARIPE 2864,BOM JARDIM,,NE
10159,R&T PLÁSTICOS INDUSTRIAIS LTDA - EPP,03.371.692/0001-72,3275 0122,EUSÉBIO,CE,NE,BR,RUA EDUARDO SÁ 175,JABUTI,,NE
10198,DP BARBOSA MAQUINAS E FERRAMENTAS LTDA ME,08.732.993/0001-06,85-3491-2734,FORTALEZA,CE,NE,BR,AV. PROF. GOMES DE MATOS 1784-A,MONTESE,,NE
10201,LEMAN DO NORD IND E COM DE EQUIP P/ SUPERMERCADO LTDA,13.730.180/0001-09,85-3291-2547,FORTALEZA,CE,NE,BR,"AV. PRES. COSTA E SILVA, 2527",MONDUBIM,,NE
10211,A.A. & R. INDUSTRIA DE EMBALAGENS LTDA,07.054.148/0001-58,85-3275-0072,EUSÉBIO,CE,NE,BR,RUA EDUARDO SÁ 215,JABUTI,,NE
10539,BTM REPRESENTAÇOES LTDA,14.636.705/0001-04,85-3383-9454,MARACANAÚ,CE,NE,BR,RUA 9 (LOT RES.MARACANAU I 1708,CAGADO,,NE
10636,PROJET3 - EMPREENDIMENTOS IMOBILIARIOS LTDA,13.319.016/0001-03,85-3250-2019,EUSÉBIO,CE,NE,BR,"AV  EUSEBIO DE QUEIROZ, 660",COACU,,NE
10714,FROTALIMPO COM. PROD. DE LIMPEZA LTDA - ME,14.392.710/0001-19,85-3292-3494,FORTALEZA,CE,NE,BR,AV. DEDE BRASIL 1518,SERRINHA,,NE
10839,RC HIDROPNEUMÁTICA LTDA ME,11.360.389/0001-00,85-3296-6515,FORTALEZA,CE,NE,BR,AV.GODOFREDO MACIEL 3374,MARAPONGA,,NE
11261,DIVULGSIGN IMPRESSAO E COM VISUAL LTDA - ME,17.257.476/0001-05,85-3046-0442,FORTALEZA,CE,NE,BR,RUA ESPERANTO 1617,VILA UNIAO,,NE
13449,UNITEXTIL UNIAO INDUSTRIAL TEXTIL S/A,,3499 5444,FORTALEZA,CE,NE,BR,AV AUDISIO PINHEIRO 298,HENRIQUE JORGE,,NE
17714,E N DIAS MARTINS FERRAGENS ME,17.721.123/0001-14,3253-1657,FORTALEZA,CE,NE,BR,QUINZE DE NOVEMBRO 417,MONTESE,,NE
17855,SIMAG - COMERCIO VAR. DE PRODUTOS DOMISSANITARIOS LTDA,08.749.429/0001-98,85-3211-4383,FORTALEZA,CE,NE,BR,AV. VISCONDE DO RIO BRANCO 1714,CENTRO DE FORTALEZA,,NE
18084,EDSON DE SOUSA DE OLIVEIRA,018.474.673-69,85-8711-0426,FORTALEZA,CE,NE,BR,AV. BERNADO MANUEL 9205,PARQUE DOIS IRMAOS,,NE
18460,FROSTY PRODUTOS ALIMENTICIOS LTDA,35.229.640/0004-03,85-3878-7207,FORTALEZA,CE,NE,BR,RUA CRISANTO ARRUDA 111,PASSARÉ,,NE
18569,FRANCISCO VIANA ALVES,746.888.123-53,85-84023663,MARACANAÚ,CE,NE,BR,RUA 14 100,JEREISSATI I,,NE
18713,EMPREENDIMENTOS PAGUE MENOS S/A,06.626.253/0124-00,,FORTALEZA,CE,NE,BR,RUA FRANCISCO CORDEIRO 300,JACARECANGA,,NE
18787,FRANCISCO EDSON TELES PRACIANO - MICROEMPRESA,73.676.108/0001-72,,MARACANAÚ,CE,NE,BR,R 7 00040,PAJUÇARA,,NE
19401,LUIZ ALBERTO BARROS DA SILVA,105.011.773-53,85-8894-9490,CASCAVEL,CE,NE,BR,RUA PADRE VALDIVINO NOGUEIRA 2432,CENTRO DE CASCAVEL,,NE
19524,MAURICIO JORGE DE AZEVEDO RODRIGUES ME,20.921.843/0001-38,3253-20-35,FORTALEZA,CE,NE,BR,RUA PEREIRA FILGUEIRAS 1201,MEIRELES,,NE
6174,MILL MOVEIS IND. E COM. LTDA,07.033.021/0001-52,85-3493-7800,FORTALEZA,CE,NE,BR,RUA G 246,PASSARÉ,,NE
6397,NORDESTINA IND COM E SERV DE EQ REFRI LT,04.130.690/0001-54,85-3298-6468,MARACANAÚ,CE,NE,BR,AV. PARQUE SUL 2252A,DISTRITO INDUSTRIAL,,NE
6560,PAQUETA CALCADOS LTDA,01.098.983/0001-03,85-3346-1108,ITAPAJÉ,CE,NE,BR,"RUA BENTO AVILA DE SOUSA, 137",SANTA RITA,,NE
6569,PARDAL IND. E COM. DE SORVETES LTDA,06.347.069/0001-72,8862 3161,EUSÉBIO,CE,NE,BR,"RUA MANOEL GOUVEIA, CASA B 70",AMADOR,,NE
6702,PERSITEC IND E COMERCIO DE PERSIANAS LTD,00.058.510/0001-10,85-3276-1299,FORTALEZA,CE,NE,BR,"AV.  WASHINGTON SOARES, 8354",CURIÓ,,NE
6906,POWER TUNNING ACES. AUT. E ESPELHAMENTO,07.764.323/0001-09,85 3283-2488,FORTALEZA,CE,NE,BR,"RUA PROFESSOR COSTA MENDES, 1507 LJ 01",RODOLFO TEOFILO,,NE
6950,PROINOX IND E COM DE EQ PARA COZINHA LTD,10.405.427/0001-23,85-3311-2908,MARACANAÚ,CE,NE,BR,"AV. PARQUE SUL, 2252",DISTRITO INDUSTRIAL,,NE
7420,RS COMERCIO DE MADEIRAS E FERRAGENS LTDA,11.780.302/0001-46,85 3267-5744,FORTALEZA,CE,NE,BR,"AV. SANTOS DUMONT, 4005",ALDEOTA,,NE
7570,SERBRASA COM DE MATERIAL INDUSTRIAL LTDA,09.533.686/0001-50,,FORTALEZA,CE,NE,BR,"RUA ANTONIO POMPEU, 1758 LJ 01",MESSEJANA,,NE
7726,SPOT- INDUSTRIA E COM. DE TELHAS LTDA,41.653.692/0001-54,85-3463-3033,MARACANAÚ,CE,NE,BR,AV. VIA PRINCIPAL S/N,DISTRITO INDUSTRIAL,,NE
7748,STOCK COM. DE EQUIP. INDUST. E DE SEGURANCA LTDA,05.588.797/0001-03,85-3066-2222,FORTALEZA,CE,NE,BR,"AV. ANTONIO SALES, 238",JOAQUIM TAVORA,,NE
7827,TECBORD BENEFICIAMENTO DE BORDADOS,01.498.410/0001-77,,,,,BR,,,,Industrial
7844,TECNOQUIMICA INDUSTRIA E COMERCIO LTDA,04.439.228/0001-33,85-3260-6850,EUSÉBIO,CE,NE,BR,"RUA DR. RAIMUNDO GUIMARAES, S/N",COITE,,NE
7891,TEX QUIMICA DO BRASIL LTDA,07.955.526/0001-74,,FORTALEZA,CE,NE,BR,"RUA JOSE FERREIRA COSTA, 15",MONDUBIM,,NE
7898,TEXTIL UNIAO S/A,07.971.955/0001-35,85-4006-0500,MARACANAÚ,CE,NE,BR,ROD MENDEL STEINBRUCH CE 21 S/N,PAJUÇARA,,NE
8047,TS COMERCIAL MADEIREIRA LTA.,07.520.107/0001-00,85-3463-1544,MARACANAÚ,CE,NE,BR,RUA GASPAR DUTRA 3040,PLANALTO CIDADE NOVA,,NE
8098,USIMECS USINAGENS E MECAN. E SERV. LTDA,02.491.490/0001-00,3297-1547,MARACANAÚ,CE,NE,BR,"ROD. DR. MENDEL STEINBRUSCH, 10523",PAJUÇARA,,NE
8332,WALLYSON CEZAR VIDAL LEITAO,013.186.393-28,85-3274-0537,FORTALEZA,CE,NE,BR,"RUA OSCAR LEITAO, 80",MESSEJANA,,NE
8446,MR.COMERCIO DE EMBALAGENS LTDA,09.017.501/0001-55,3253-20-35,FORTALEZA,CE,NE,BR,RUA DONA LEOPOLDINA 1400,CENTRO DE FORTALEZA,,NE
8891,KILZA ALAINE BISERPA RODRIGUES,613.794.333-04,85-9220-8116,PACAJUS,CE,NE,BR,TRAVESSA SAO SEBASTIAO 98,BANQUE,,NE
8993,ANTONIO FONSECA MAGALHAES,07.120.697/0001-83,85-3279-4878,FORTALEZA,CE,NE,BR,AV. DES. GONZAGA 774,CIDADE DOS FUNCIONÁRIOS,,NE
9057,MG INDUSTRIA E COMERCIO DE PLASTICOS LTDA,13.486.129/0001-01,85-3260-1374,EUSÉBIO,CE,NE,BR,RUA JOSE AMORA SA 100,AUTODROMO,,NE
9067,FELIPE RABELO ME,09.152.472/0001-34,85-3295-1146,FORTALEZA,CE,NE,BR,RUA MARECHAL BITTENCOURT 1015,CASTELAO,,NE
9232,ARTE PROD. DE EVENTOS ART. E LOC. LTDA,00.584.628/0001-81,3033-1010,FORTALEZA,CE,NE,BR,AV. EDILSON BRASIL SOARES 1234,EDSON QUEIROZ,,NE
9266,MICREL BENFIO TEXTIL LTDA.,35.027.945/0001-81,3374-3623,MARANGUAPE,CE,NE,BR,RUA CAPITÃO JEOVA COLLARES 101,CENTRO DE MARANGUAPE,,NE
9378,OSASUNA COMERCIAL IMPORTADORA LTDA.,12.193.881/0001-93,85-4009-3100,FORTALEZA,CE,NE,BR,RUA TEODOMIRO DE CASTRO 4585,ALVARO WEYNE,,NE
9386,PRISMA SING LTDA,03.643.215/0001-19,85-3244-7679,FORTALEZA,CE,NE,BR,RUA TENENTE BENEVOLO 1435,ALDEOTA,,NE
9657,MARISOL COMERCIO ATACAD. E SERV DE DISTR. LTDA,10.526.270/0001-94,85-3384-9041,PACATUBA,CE,NE,BR,ROD. CE 060 KM 11 S/N,PAVUNA,,NE
9835,R M STUDART SOARES ME,11.737.152/0001-98,85-3055-4446,FORTALEZA,CE,NE,BR,RUA PAULO MORAIS 202,PAPICU,,NE
9991,SIMONE LD DE ANDRADE ME,00.187.748/0001-45,88-3111-1798,SOBRAL,CE,NE,BR,ROD. BR 222 2497,DISTRITO INDUSTRIAL,,NE
10016,J I LANDIM MOTA - ME,09.335.088/0001-77,85-3295-5173,FORTALEZA,CE,NE,BR,RUA JOAQUIM MARTINS 590,PASSARÉ,,NE
10029,ARCHITECTUS S/S - EPP,05.677.555/0001-96,85-3242-2024,FORTALEZA,CE,NE,BR,RUA CANUTO DE AGUIAR 1401-C,MEIRELES,,NE
10316,X MAX INDUSTRIA & COMERCIA DE BEBIDAS LTDA ME,07.603.975/0001-53,85-3483-2055,FORTALEZA,CE,NE,BR,RUA DR. ESTENIO GOMES 383,VILA PERY,,NE
10324,"VTI SERV, COM E PROJ DE MODERN. E GESTAO CORPORAT. LTDA-ME",07.836.401/0001-25,85-4009-5290,FORTALEZA,CE,NE,BR,"RUA TIBURCIO CAVALCANTE, 1573",ALDEOTA,,NE
10516,KFP DISTRIBUIDORA LTDA,00.286.904/0002-06,85-3256-2295,FORTALEZA,CE,NE,BR,RUA MONSENHOR SALAZAR 751,SAO JOAO DO TAUAPE,,NE
10692,LUMAR - INDUSTRIA E COMÉRCIO DE PLASTICOS LTDA,08.208.505/0001-58,85-3463-0841,FORTALEZA,CE,NE,BR,RUA ERICO VENEFRIDO DE MELO 30,MONDUBIM,,NE
11651,TEMPERACO METAL.INDUSTRIA E SERVICOS LTDA,11.075.960/0001-37,4108-01-73,EUSÉBIO,CE,NE,BR,RUA ANTONIO SA E SILVA 1524,CENTRO DE EUSEBIO,,NE
17131,INDUSTRIA DE CERAMICA GR LTDA,,88 3447 1062,LIMOEIRO DO NORTE,CE,NE,BR,R JULIO ALVES DE FREITAS 32,SITIO ESPINHO,,NE
17291,MOLDUFORT IND E COM DE VIDROS LTDA,01.722.306/0002-03,85-3212-1313,FORTALEZA,CE,NE,BR,"RUA 15 DE NOVEMBRO, 320",MONTESE,,NE
17306,TRUST INDUSTRIA COM DE MOVEIS E SERV LTDA,07.273.457/0001-19,85-3392-9010,MARACANAÚ,CE,NE,BR,AV. PARQUE LESTE 2900,DISTRITO INDUSTRIAL,,NE
17661,CARLOS ANTONIO PONTES BARRETO,049.771.143-53,85-8895-8799,FORTALEZA,CE,NE,BR,RUA JULIO GASPAR 863,VILA BETANIA,,NE
17700,CASA DOS VENTOS ENERGIAS RENOVÁVEIS S.A.,10.772.867/0001-19,85-4006-0538,MARACANAÚ,CE,NE,BR,RUA ELIZÁRIO DIOGENES 130,PAJUÇARA,,NE
17940,ELDER FABIANO DE LIMA ME,05.999.437/0001-02,85-3278-6935,FORTALEZA,CE,NE,BR,RUA DOS SAPOTIS 100,EDSON QUEIROZ,,NE
18072,MK COMERCIO E SERV. EM FECHAMENTO DE VARANDAS LTDA,11.424.320/0001-95,85-3272-4100,FORTALEZA,CE,NE,BR,RUA JULIO SIQUEIRA 873,DIONISIO TORRES,,NE
18124,JOSIMARIA DE SOUSA OLIVEIRA LIMA,09.245.103/0001-96,85-3276-4662,FORTALEZA,CE,NE,BR,"RUA MANOEL ARRUDA, 380",BARROSO,,NE
18630,LOJAO DA INDUSTRIA LTDA ME,20.341.604/0001-09,85-3533-5900,FORTALEZA,CE,NE,BR,PRESIDENTE COSTA E SILVA 3298,JOSE WALTER,,NE
18695,D R M LOUREIRO ME,04.766.546/0001-09,85 8819-8285,CAUCAIA,CE,NE,BR,R NOVE 92,TABAPUÁ,,NE
18968,MARQUISE - ISLA JARDIM EMPREENDIMENTOS IMOBILIARIO SPE LTDA,11.579.953/0001-72,85-40083408,FORTALEZA,CE,NE,BR,AV PONTES VIEIRA 1831,DIONISIO TORRES,,NE
19020,SOUZA E D'ALMEIDA INDUST E COM DE REBOQUES LTDA - ME,84.142.009/0001-27,85-88110157,FORTALEZA,CE,NE,BR,AV GODOFREDO MACIEL 2905,PARANGABA,,NE
19241,CESAR DE SOUSA DA SILVA - ME,14.137.271/0001-06,85-32764662,FORTALEZA,CE,NE,BR,RUA NOVA QUIETUDE 380,MESSEJANA,,NE
19378,REDEPAN IND. DE MASSAS ALIMENTICIAS LTDA ME,34.952.127/0001-22,85-3383-9222,MARACANAÚ,CE,NE,BR,RUA CINCO 359,JACANAU,,NE
19535,METALMECANICA MAIA LTDA,01.397.886/0002-00,85-3117-3000,EUSÉBIO,CE,NE,BR,AV EUSEBIO DE QUEIROZ 659,COACU,,NE
19536,IMARF INDUSTRIA DE GRANITOS DO CEARA LTDA,16.948.500/0001-90,4011-9553,CAUCAIA,CE,NE,BR,ROD QUARTO ANEL VIARIO 0000,TABAPUÁ,,NE
19541,LIMESTONE MARMORES DO BRASIL LTDA,06.086.445/0002-01,4011.9595,APODI,RN,NE,BR,FAZ NOVA AURORA SN,ZONA RURAL,,NE
